{
  "accuracy": 0.88,
  "report": {
    "0": {
      "precision": 0.8852459016393442,
      "recall": 0.7941176470588235,
      "f1-score": 0.8372093023255814,
      "support": 68.0
    },
    "1": {
      "precision": 0.9310344827586207,
      "recall": 0.9,
      "f1-score": 0.9152542372881356,
      "support": 30.0
    },
    "2": {
      "precision": 0.7758620689655172,
      "recall": 0.8823529411764706,
      "f1-score": 0.8256880733944955,
      "support": 51.0
    },
    "3": {
      "precision": 0.9615384615384616,
      "recall": 0.9803921568627451,
      "f1-score": 0.970873786407767,
      "support": 51.0
    },
    "accuracy": 0.88,
    "macro avg": {
      "precision": 0.888420228725486,
      "recall": 0.8892156862745098,
      "f1-score": 0.8872563498539948,
      "support": 200.0
    },
    "weighted avg": {
      "precision": 0.8836759142496846,
      "recall": 0.88,
      "f1-score": 0.880062572633495,
      "support": 200.0
    }
  }
}